id,name,twitter
194428,한명숙,HanMyeongSook
194526,김을동,euldongkim
194828,박인숙,ispark0530
195027,이미경,lmk2014
195129,현영희,happyschool21
195224,박근혜,GH_PARK
195526,김영주,yjkim550727
195829,남인순,nisoon
195928,권은희,keh1004
196022,유승희,337ysh
196226,김현미,hyunmeek
196229,유은혜,yooeunhae
196328,은수미,hopesumi
196529,한정애,dudehowru
196723,진선미,Sunmee_Jin
196916,김관영,usekky
197729,장하나,onethehuman
198023,김재연,opentree20
198113,김광진,minjuletter
1945180,이한구,smart219
1945194,이재오,JaeOhYi
1950181,정세균,sk0926
1950183,유대운,yy7715
1950184,김정훈,kjh8007
1950187,이종진,ljj20121
1950188,정갑윤,kyjung2206
1951177,정몽준,globalmj
1951184,원혜영,wonhyeyoung
1951198,이용섭,yongsuplee
1952173,신기남,skn21c
1953215,인재근,JGT_FOREVER
1954213,김상희,SosaKim
1956177,노회찬,hcroh
1956212,박혜자,hj_p1
1957139,김기준,gijuhn
1957191,정두언,doorun
1957192,노웅래,GoWith_WRaenoh
1958170,민병두,bdmin1958
1958172,전병헌,BHJun
1958179,정병국,withbg
1958193,김성태,kimsungtae
1958194,유기홍,yookihong
1958211,추미애,choomiae
1959214,심상정,sangjungsim
1960211,박영선,Park_Youngsun
1960216,전정희,Jeon_Jeonghee
1960217,최민희,motheryyy
1961196,안규백,agbhope
1961215,문정림,doucemoon
1962125,이석기,bluesky21sk
1962194,윤상현,sanghyun_yoon
1963117,이춘석,lcs1747
1963169,윤호중,dpcorea
1963188,최재천,your_rights
1963189,김선동,sundongv
1963191,이헌승,g7member
1963196,김상훈,kshdg11
1963197,최원식,kbcws
1963211,김제남,jenam63
1964154,강기정,gijungkang
1964170,이인영,lee_inyoung
1964171,강석훈,hoonster21
1964174,김도읍,ldek3525
1964179,김명연,mmy523400
1964183,김진태,jtkim1013
1964187,박수현,workerpark
1964191,김성주,kimsungju
1964196,김재원,2020jwk
1964210,서영교,seoyoungkyo
1965162,황영철,hhhyc
1965183,이상규,whitefireg
1965184,박민식,Park_Minshik
1965187,이장우,jangwoo2020
1965190,남경필,yesKP
1965191,김태년,kimtaenyeon
1965198,최재성,withjs21
1965210,김현,cash0610
1966164,안민석,eduhimang
1966166,김민기,kimminki84
1966167,정문헌,ChungMoonHun
1966170,김윤덕,ydkim22
1966174,김기식,pspdkks
1966177,박완주,park_wanju
1966216,김미희,snkmh
1967139,홍익표,peace_hong
1967147,송호창,HOwindow
1967149,김영우,kim_youngwoo
1967154,진성준,jinsungjoon
1967156,오영식,okys04
1968136,김용태,ytnetwork
1968137,서용교,ygs4namgu
1968138,하태경,taekyungh
1968139,조경태,Choforce
1968141,홍지만,hongjiman
1968212,배재정,jjreport
1968213,임수경,su_corea
1969132,박홍근,maumgil
1970129,박원석,wspark
1971140,정호준,chyung21
1971214,김희정,khjkorea
1972113,김세연,seyeonkim72
1972218,이언주,k2newface
19421164,강길부,uljukang
19421165,송광호,songkh21
19421168,박지원,jwp615
19421169,최봉홍,bhcport
19431139,김태환,Gumi_Kimtw
19451101,조현룡,johyunyong0411
19461107,심재권,sjk0815
19461109,서상기,SK_Suh
19461111,강창희,kangchanghee
19461128,안덕수,ads3211
19461131,황진하,hwangjinhapaju
19461132,윤진식,yoon_jinsik
19471117,황우여,hwangwygrace
19471118,김진표,jinpyokim
19481123,정의화,justicehwa
19481129,변재일,BYUNJAEILL
19481130,이인제,powerIJ
19481132,김광림,glkim333
19481134,여상규,sky435
19481136,유승우,yoosw2000
19481137,유인태,yit92
19491108,박주선,ParkJooSun
19491114,고희선,hsknw
19491115,이현재,hannaralhj
19491117,오제세,ojs0126
19491120,김종태,kjt3600
19491129,박상은,incheon_separk
19501102,백군기,kmageneral
19501106,노철래,Roh_Chul_Rae
19511100,박대동,dd1090
19511101,이석현,lsh4u
19511102,김태원,kim_taewon
19511106,성완종,sungwoanjong
19511108,이주영,newmasan
19511109,안홍준,masanjun
19511115,백재현,jhok100
19521108,이병석,leebyungsuk
19521109,이군현,koonhyon
19521114,김종훈,jhkimdragon
19521117,서병수,sbs8680
19521121,신학용,loveincheon
19521123,장병완,cbwhope
19521124,임내현,nhlim52
19521128,이해찬,lhc21net
19521132,이학영,hackyoung1
19521133,김기선,gambakim
19521135,한기호,nombo1
19521136,김근태,kgt1952
19521138,김성곤,kimsgnet
19521139,주승용,joo350
19521140,이낙연,nylee21
19521141,황주홍,Hwangjuhong
19521142,김형태,kimht_PH
19521149,강창일,kangci52
19521154,박병석,pbs21
19531101,김한길,hangillo
19531103,이목희,2mokhee
19531104,신경민,mentshin
19531106,신동우,eastrain53
19531108,나성린,na_sl
19531110,문재인,moonriver365
19531117,정우택,bigwtc
19531118,박덕흠,parkdukhyum
19531120,강동원,kdwon53
19531123,정희수,jhs01000
19541102,신계륜,shingr
19541103,이노근,nokeunlee
19541105,심윤조,yjshim2012
19541107,이재균,leebadaro
19541122,김성찬,kscjinhaesarang
19541123,김한표,khp1001
19551102,김영환,kyh21
19551112,강석호,kangsh314
19551119,길정우,oraclepeter
19551125,박성효,psh365
19551127,이채익,lci8572
19551128,안효대,ahd0403
19551133,이명수,msdaehan
19551138,김영록,KimYungRok
19551143,최경환,khwanchoi
19551144,김우남,kimwn734
19551151,김동철,kdc2000
19551152,유일호,ilhoYoo
19551153,홍문종,mjhong
19561106,유재중,Yoojaejung
19561109,홍일표,hongip
19561115,이재영,ljy2111
19561116,부좌현,bjwahyun
19561118,박기춘,parkkichoon
19561133,김장실,jangsilk
19571101,이종걸,leejongkul
19571103,이우현,lwh99_
19571117,우원식,wonsikw
19571120,이진복,JinBok57
19571122,유성걸,yoosungkull
19571126,홍영표,youngpyoHong
19571128,오병윤,oby518
19571136,윤후덕,yoons609
19571137,유정복,yoojeongbok
19571140,노영민,youngmin21c
19571146,우윤근,2020GG
19571150,박성호,parksh5758
19571151,정진후,ktuhope
19571154,이한성,lee_han_sung
19581100,김희국,kim_hee_kuk
19581103,유승민,hannaraysm
19581107,박남춘,parknamchun
19581111,이상민,esangmin
19581115,전하진,hajinJ
19581117,심재철,cleanshim
19581127,경대수,kyungds79
19581130,김동완,dowakim
19591111,조원진,cho_wonjin
19591113,문병호,moon3055
19591116,김기현,Gi_Hyeon_Kim
19591117,이찬열,leecy_jangan
19591124,함진규,dreamham7
19591125,한선교,hansunkyo
19591126,이이재,eej365
19591127,양승조,yangsim012
19591136,조명철,unicho7
19591139,홍종학,haasimi
19591141,유기준,YOOKIJUNE
19601113,주호영,sangtoil
19601146,윤관석,yks0817
19601155,이철우,CUagainLee
19601157,권성동,ksdd22
19601160,유성엽,yousuoy
19601163,이윤석,Lee_Yoon_Seok
19601167,강기윤,kangkiyoun
19611104,윤재옥,yunjaeok
19611113,김학용,kimhackyong
19611119,염동열,DY_YEOM
19611128,심학봉,simhakbong
19611131,박대출,dcparkjj
19611132,김재경,powerjinju
19611133,민홍철,minstar21c
19621100,김경협,kimghkr
19621102,원유철,won6767
19621103,정성호,JungSungho1
19621104,전해철,HaeC_J
19621110,김태호,taehois
19631100,신장용,suwon_jangyong
19631105,이원욱,ewon33
19631115,이상직,ace_hope
19631122,신성범,sbumshin
19631126,조정식,chojs21
19631127,조해진,chrisjo204
19631128,박범계,bkfire1004
19641100,윤영석,hangomy
19641105,이학재,hjv6465
19651105,김재윤,kimJaeyun
19651109,정청래,ssaribi
